,Tranception_no_retrieval,Tranception_retrieval,Wavenet,number_mutants
A0A1J4YT16_9PROT_Davidi_2020,0.14264973716488036,0.14264973716488036,0.14264973716488036,105.0
B1LPA6_ECOSM_Russ_2020,0.2640024676651607,0.3025325575406166,0.27399175022546407,3074.0
BLAT_ECOLX_Gonzalez_indels_2019,0.22458426368952686,0.23973896863370547,0.3567669679248627,4751.0
CAPSD_AAV2S_Sinai_indels_2021,0.43152642212709375,0.4650527884726644,0.37065924822914376,250907.0
HIS7_YEAST_Pokusaeva_indels_2019,0.5958011292609696,0.5784897163042344,0.5669487743330777,6102.0
PTEN_HUMAN_Mighell_deletions_2018,0.5159235668789809,0.5414012738853503,0.554140127388535,314.0
P53_HUMAN_Kotler_deletions_2018,0.3793030031858084,0.35346038099073135,0.12087678123503784,341.0
Average,0.3648272271389172,0.374760774713169,0.34086191235728597,37942.0
