,Tranception_no_retrieval,Tranception_retrieval,Wavenet,number_mutants
A0A1J4YT16_9PROT_Davidi_2020,0.6249092229484386,0.6448801742919391,0.5773420479302832,105.0
B1LPA6_ECOSM_Russ_2020,0.6909222444873456,0.7438598661648868,0.7302042349893697,3074.0
BLAT_ECOLX_Gonzalez_indels_2019,0.6418823320928584,0.6604227361332624,0.7573255360623782,4751.0
CAPSD_AAV2S_Sinai_indels_2021,0.7686530240777124,0.7891577436881783,0.7079083745979925,250907.0
HIS7_YEAST_Pokusaeva_indels_2019,0.9544196516369775,0.9457715146268141,0.9366103751369654,6102.0
PTEN_HUMAN_Mighell_deletions_2018,0.8322041462128281,0.8608868513935657,0.8894884173800154,314.0
P53_HUMAN_Kotler_deletions_2018,0.7817430503380917,0.7744803405960431,0.5805993822522748,341.0
Average,0.756390524542036,0.7742084609849557,0.7399254811927541,37942.0
